que,471
de,245
no,217
es,200
la,182
me,177
a,169
y,166
//,163
lo,127
el,120
/,116
se,113
en,104
un,85
como,83
Y,79
te,76
,66
los,66
una,59
con,56
esta,55
mi,50
pero,50
yo,50
muy,49
mas,48
si,48
porque,48
para,47
este,46
o,45
nada,41
las,40
por,40
verdad,40
bueno,40
sea,37
No,33
ya,33
libro,32
ha,27
he,27
Pero,26
bien,24
Me,24
mucho,24
todo,24
asi,23
creo,22
Es,22
tiene,22
pues,22
pelicula,21
gusta,21
del,20
pelo,20
que:,19
eso,19
esto,18
gusto,18
les,18
producto,18
hay,17
super,17
siempre,17
cuando,17
historia,17
son,16
eh:,16
al,16
cosas,16
eh,15
poco,15
ni,15
olor,15
libros,15
deja,15
voy,15
tan,15
era,14
Este,14
va,14
O,13
luego,13
hace,13
tu,13
Yo,13
Y:,13
mm,12
La,12
digo,12
muchisimo,12
ser,12
crema,12
le,12
ese,12
algo,11
ver,11
vez,11
bastante,11
estos,11
tanto,11
Bueno,11
vas,11
tambien,11
huele,10
Porque,10
dos,10
hacer,10
personajes,10
no:,10
mucha,10
toda,10
tener,10
cuenta,10
sin,10
aqui,10
Asi,9
comprar,9
ir,9
han,9
decir,9
cara,9
De,9
hecho,9
tengo,9
Si,9
Eh,9
peliculas,9
mundo,9
dura,9
Pues,8
A,8
zombies,8
estoy,8
vale,8
parece,8
porque:,8
compre,8
puede,8
Lo,7
momentos,7
recomiendo,7
encanto,7
leer,7
visto,7
Que,7
nos,7
dice,7
estan,7
todos,7
os,7
¿no?,7
sus,7
y:,7
poner,7
perfume,7
leido,7
veces,7
tampoco,7
Entonces,7
otra,6
Eh:,6
ellas,6
tienes,6
poquito,6
gente,6
haya,6
tres,6
sensacion,6
alguien,6
ahi,6
esperaba,6
siento,6
dicho,6
menos,6
cosa,6
queda,6
su,6
principio,6
tienen,6
pasa,6
pena,6
base,6
autora,6
fue,6
donde,6
uno,6
vida,6
piel,6
puedo,6
otro,5
fuera,5
ejemplo,5
hasta,5
ella,5
em:,5
da,5
habia,5
ahora,5
pueden,5
encantado,5
soy,5
n-,5
dia,5
aunque,5
floral,5
mal,5
tenia,5
Creo,5
venden,5
Te,5
dias,5
vamos,5
otros,5
En,5
encantan,5
gustado,5
cinco,5
puesto,5
algunas,5
fantasia,5
poder,5
muchos,5
maquillaje,5
volvere,5
final,5
Por,5
utilizar,5
despues,5
estado,5
jeje,5
momento,5
esos,4
igual,4
m-,4
ellos,4
funciona,4
empieza,4
pinta,4
nunca,4
historias,4
Son,4
quieres,4
habeis,4
un:,4
puedes,4
unos,4
hacen,4
gustar,4
sumamente,4
trilogia,4
mismo,4
encanta,4
seguir,4
diez,4
decia,4
Mm,4
cien,4
llegar,4
cualquier,4
merece,4
alguna,4
sale,4
realmente,4
estar,4
entonces,4
mu:cho,4
interesante,4
rapido,4
al-,4
peor,4
minutos,4
hubiese,4
seca,4
seco,4
polvo,4
mm:,4
idea,4
El,4
esas,4
ojo,4
Para,4
echado,4
demasiado,4
este:,4
leyendo,4
pared,4
Como,4
¿por,4
pongo,4
¿vale?,4
entender,4
claro,4
primera,4
mejores,4
seguro,4
parte,4
dan,4
tiempo,4
novela,4
quiero,4
esa,4
usar,4
es:,4
es-,4
van,4
escribe,3
Gideon,3
cuarenta,3
sobre,3
hablar,3
colonia,3
labios,3
hoy,3
sentir,3
personas,3
fin,3
segundo,3
efecto,3
quieren,3
tono,3
vais,3
tan:,3
usado,3
¡no!,3
terminos,3
tonos,3
algun,3
toque,3
antes,3
amarillo,3
gustan,3
ustedes,3
quede,3
recurro,3
quien,3
repente,3
semana,3
utilizando,3
superpoderes,3
ido,3
s-,3
utilizo,3
forma,3
fuerte,3
¿ok?,3
desde,3
muchas,3
em,3
fisica,3
llegas,3
detras,3
acabado,3
genero,3
punto,3
ademas,3
sabiendo,3
conozco,3
casa,3
casi,3
persona,3
¡ni,3
cremas,3
Esta,3
favorito,3
favorita,3
unas,3
pasando,3
tenga,3
diferente,3
titulo,3
trabajo,3
mala,3
iniciar,3
viene,3
arde,3
dentro,3
totalmente,3
cada,3
treinta,3
cabello,3
ponen,3
novelas,3
solo,3
anos,3
acabe,3
incluso,3
gracia,3
ojos,3
leerlo,3
secuela,3
pegajosos,3
noche,3
muy:,3
fatal,3
agua,3
llama,3
playa,3
lei,3
uso,3
control,3
tal,3
Ya,3
cual,3
probado,3
critica,3
realidad,3
dije,3
echas,3
seis,3
ganas,3
c-,3
profundidad,3
aparte,3
harta,3
Gale,3
demas,3
mejor,3
unico,2
tratan,2
limites,2
aun,2
risa,2
humanidad,2
haber,2
hora,2
me-,2
prejuicio,2
flores,2
espuma,2
exactamente,2
terminado,2
economico,2
resenado,2
jamas,2
Otra,2
la:,2
gato,2
Sinceramente,2
asqueroso,2
Porque:,2
padre,2
neta,2
productos,2
Siempre,2
solamente,2
rojeces,2
juventud,2
muchi:simo,2
Cassandra,2
-,2
encantando,2
regular,2
estropajoso,2
pieles,2
favoritos,2
rico,2
di,2
¿como,2
sentido,2
hagan,2
hambre,2
un-,2
alergica,2
Orgullo,2
tenemos,2
raspa,2
mancha,2
con:,2
dado,2
Cazadores,2
busqueda,2
banda,2
el:,2
gustaba,2
salir,2
estuvieras,2
animo,2
mantiene,2
solar,2
pesos,2
llevo,2
tarda,2
creer,2
mira,2
puse,2
tienda,2
simios,2
videos,2
boca,2
sigo,2
pienso,2
Jane,2
brillante,2
chiquillas,2
mitad,2
todas,2
ca-,2
Quiero,2
tirar,2
cantidad,2
tirarlo,2
llega,2
mar,2
trata,2
hacia,2
nou,2
daba,2
Cuando,2
populares,2
Vamos,2
e-,2
quita,2
quite,2
horas,2
Hmm,2
oido,2
sera,2
contar,2
siendo,2
habias,2
Zafiro,2
salido,2
textura,2
nadie,2
prueba,2
vision,2
sean,2
Todos,2
mayor,2
Natural,2
sensacional,2
empezar,2
esta:,2
mano,2
color,2
caso,2
coco,2
veras,2
pelito,2
medio,2
igualmente,2
ahorita,2
costo,2
euros,2
utilizado,2
real,2
lado,2
historica,2
puedas,2
tanta,2
cabo,2
Rubi,2
dicen,2
hubieras,2
Gallego,2
ok,2
Esto,2
hidratantes,2
notar,2
grasa,2
lo-,2
Eso,2
hmm,2
jaja,2
Adiction,2
liso,2
mundial,2
basura,2
espia,2
pica,2
atencion,2
Se,2
Juegos,2
veinte,2
Viene,2
Pero:,2
gustaron,2
sombras,2
fe,2
y-,2
comedia,2
odio,2
exquisito,2
nombres,2
tenido,2
Dios,2
Una,2
pus,2
dejo,2
pudieron,2
alisante,2
contra,2
divertido,2
segun,2
pasan,2
muchisima,2
especie,2
dejarlo,2
habreis,2
se:,2
protector,2
Todo,2
cierto,2
imaginar,2
simple,2
pintan,2
Katniss,2
brillos,2
Que:,2
entre,2
reaccion,2
joder,2
TRESemme,2
calor,2
arriba,2
deberia,2
Os,2
entretenida,2
tranquilas?,2
superado,2
chavas,2
secan,2
zombie,2
secas,2
utilizarlo,2
venian,2
Pone,2
cuarto,2
u-,2
¿eh?,2
realista,2
volveria,2
genial,2
preguntas,2
justamente,2
Al,2
resulta,2
saga,2
supone,2
Despues,2
exito,2
video,2
luego:,2
lavadas,2
sino,2
poderes,2
suavizante,2
basicamente,2
Tiene,2
pesar,2
verla,2
Claire,2
loca,2
quedando,2
especial,2
cuesta,2
Shrek,2
si:,2
linea,2
roja,2
fiesta,2
das,2
buena,2
mete,2
recomendable,2
mate,2
aceite,2
caia,2
saca,2
situacion,2
Peeta,2
compren,2
shampoo,2
explica,2
mio,2
cuatro,2
mis,2
lugar,2
manos,2
centro,2
explican,2
primero,2
atropelle,2
jazmin,2
pegajoso,2
echar,2
q-,2
loca!,2
mascara,2
Austen,2
protagonistas,2
engancha,2
horrible,2
planeta,2
gusten,2
Huele,2
costurera,2
Laura,2
pelos,2
pense,2
les-,2
pegarle,2
leere,2
otras,2
mayoria,2
in-,2
dudas,2
poniendo,2
ultimo,2
cincuenta,2
parecido,2
aprendido,2
unica,1
pido,1
naranja,1
del-,1
sequi:simo,1
malisimo,1
habiendola,1
abri,1
trata?,1
algunos,1
crayola,1
¿sabes?,1
sucede,1
segun:,1
Adalid,1
habitacion,1
devocion,1
unas-,1
antioxidantes,1
cuentan,1
partes,1
huela,1
me:,1
traerme,1
Unidos,1
fuer-,1
cambian,1
interna,1
darles,1
entiendas,1
adolescente,1
Persuacion,1
asi?,1
p-,1
hablan,1
Viendo,1
frase,1
visible,1
plot,1
!pues,1
quemarme,1
pude,1
quitarme,1
saber,1
sabes,1
zacatudo,1
miren,1
preciosa,1
facilidad,1
hizo,1
¡Total!,1
intrigado,1
Otro,1
sensibilidad,1
desarrollaron,1
pinte,1
comercial,1
gordo,1
parpado,1
contaron,1
expresiva,1
nombre,1
calidad,1
Lasala,1
-Nos,1
en-,1
en:,1
comenten,1
baratos,1
decidi,1
trama,1
estreno,1
costado,1
barato,1
origen,1
fio,1
vueltas,1
caiga,1
peguas,1
pelis,1
directamente,1
ocasiones,1
sido,1
antihigienico,1
amenazandolas,1
series,1
producto:,1
telepaticamente,1
capitulos,1
gustara,1
cargada,1
debil,1
dandome,1
humectante,1
correcta,1
hablaba,1
restringida,1
largo,1
Primero,1
tarrito,1
probar,1
fascino,1
grabarte,1
labiales,1
agregan,1
extraordinario,1
presion,1
vivido,1
superpoderosa,1
establece,1
na:da,1
Academy,1
gustando,1
quinta,1
queria,1
cuentas,1
diga,1
comple-,1
diario,1
mierda,1
asi//,1
Vampire,1
salvar,1
sitio,1
ocurrio,1
interesado,1
pareja,1
afuera,1
flor,1
padres,1
sangrona,1
metan,1
doy,1
cambia,1
Tetuan,1
lastima,1
vivimos,1
senyo,1
Fueron,1
sirva!,1
salvo,1
tarado,1
Derting,1
Kiranaili,1
meno,1
lioso,1
desespero,1
desespera,1
magicos,1
fluir,1
Magdalena,1
digamos,1
modernas,1
Esmeralda,1
¡No!,1
guerra,1
decian,1
cuello,1
co-,1
esferas,1
varias,1
funcionaran:,1
favoritas,1
Kenize,1
blanca:,1
games,1
explotacion,1
irritas,1
suelen,1
recien,1
enojon,1
papelon,1
intensidad,1
sorprendio,1
sinceramente,1
encontrar,1
puesta,1
servir,1
su-,1
importancia,1
totos,1
ni:,1
Sobre,1
ia,1
madres,1
informacion,1
utilice,1
diferencia,1
relacion,1
ello,1
agarrar,1
Va,1
recurso,1
desagradable,1
gusta?,1
gusta:,1
Bien,1
interpreto,1
frentes,1
plasma,1
Desde,1
capa,1
limpiarles,1
ha:,1
ninguna,1
pasion,1
amor,1
creen,1
pusieron,1
espeso,1
repara,1
cataplas:ma,1
total,1
normal,1
impresion,1
mencione,1
He,1
oficio,1
estuvieran,1
peluqueras,1
quedo,1
engacha,1
pensando,1
pinches,1
Sombras,1
vacia,1
agarrarlo,1
hicieron,1
esperas,1
coherencia,1
lavas,1
lavar,1
encuentro,1
Decir,1
lavan,1
persistente,1
escritoras,1
interactuan,1
britanica,1
estropeado,1
perfumes,1
Aqui,1
normales,1
ah:,1
Z,1
circulo,1
tengan,1
aunque:,1
distopia,1
francamente,1
Voy,1
adoro,1
maravillas,1
precioso,1
lleva,1
tarde,1
vista,1
Dama,1
pus:,1
definitivamente,1
papelitos,1
empaque,1
visualmente,1
tiare:,1
seccion,1
siente,1
desenreda,1
logra,1
Mildeen,1
padrisimo,1
puso,1
creativa,1
nefasto,1
cancion,1
primer,1
papel?,1
ves,1
puntuacion,1
ven,1
verano,1
cada:,1
puedes:,1
minuto,1
es:te,1
dio,1
eh:m,1
hablara,1
tratarse,1
Tal,1
Empezo,1
cubre,1
spin-off,1
quedan,1
carga,1
quedar,1
muc:ho,1
Emma,1
pintas,1
dorados,1
jure,1
instituto,1
Simerius,1
Dead,1
tocado,1
lentos,1
ultimos,1
retiren,1
Le,1
cautivo,1
tocar,1
duda,1
desagrade,1
sentirte,1
comparo,1
restregando,1
arrugas,1
aplica,1
Sanchez,1
altas,1
espero,1
normalmente,1
cuanto,1
detalle,1
iba,1
Olvidalo,1
desesperantes,1
cae,1
incomodo,1
chavillos,1
Mis,1
soltar,1
timido,1
conazo,1
viendo,1
tranquilas,1
abultando,1
hombre,1
heroes,1
entiendes,1
irrita,1
controlar,1
manana,1
vaya,1
tentacion,1
no-,1
graduan,1
no!,1
no?,1
equis,1
!the,1
¡Jamas!,1
entrado,1
clasico,1
arrepentido,1
relleno,1
ese:,1
¡mentira!,1
m:uy,1
sabeis,1
Abre,1
tiene:,1
cejas,1
fallarte,1
deseaba,1
anterior,1
apetece:,1
caro,1
bastan:te,1
amigos,1
Walking,1
Guerra,1
Juramento,1
cuadrarme,1
americana,1
fragancia,1
fijo,1
empiezan,1
empiezas,1
cita,1
elementos,1
justicia,1
senti,1
bajo,1
volviendo,1
aprovechable,1
hicieran,1
genericas,1
Leanlos,1
mostrare,1
taquilla,1
azahar:,1
exagerado,1
franquicias,1
venitas,1
tristes,1
tediosos,1
soportable,1
superflua,1
duracion,1
rotas,1
escena,1
arenoso,1
varios,1
limpio,1
Estados,1
empezaba,1
pensado,1
resenas,1
doble,1
dramas,1
farmacia,1
¿Vale?,1
vienes,1
convertido,1
curiosidad,1
brillando,1
temporada,1
estamos,1
probarlo,1
marcador,1
¿Crema,1
siquiera,1
estas,1
llorar,1
lloras,1
Pinta,1
ningun,1
dinero,1
tus,1
atrapa,1
je,1
lealtad,1
desmaquillador,1
tengas,1
impregnadas,1
sucio,1
minima,1
refiero,1
viendolos,1
considera,1
acabar,1
siete,1
tercer,1
azares,1
conocida,1
mar-,1
traducir,1
buen,1
encuentran,1
cuentos,1
lavo,1
rajado,1
efectiva,1
epoca,1
fuer:te,1
emociones,1
rimel,1
frambuesa,1
era:,1
minimiza,1
¡no,1
capitulo,1
habertelo,1
simplemente,1
estrener,1
fabuloso,1
tirado,1
disparado,1
cuantico,1
recreacion,1
puedan,1
verda-,1
alisar,1
famosos,1
para:,1
picaba,1
¡agh:!,1
literatura:,1
aqui?,1
siempre:,1
teoria,1
o-,1
difumine,1
puedo!,1
difumina,1
dificilisimo,1
Espero,1
amigo,1
pegajosilla,1
Diario,1
dices,1
franquicia,1
escuece,1
iluminador,1
Me:,1
traduccion,1
Entonces:,1
reflexion,1
ganado,1
aprendiendo,1
ayuda,1
impresionante,1
creibles,1
repasional,1
enseguida,1
ehm,1
grandecitas,1
dormir,1
haciendo,1
sirve,1
sirva,1
Harry,1
Sentido,1
naturales,1
una:,1
gremio,1
perso:na,1
quitan,1
¿No,1
dialogos,1
describe,1
costaba,1
entiendo,1
general,1
salen,1
doy:,1
Esa,1
nerd,1
quitar,1
¿Ustedes,1
Dart,1
llegaba,1
mas:,1
Dreamworks,1
Entra,1
cuerpo,1
Es-,1
a:,1
mente,1
posible,1
oportunidad,1
acido,1
cremoso,1
describia,1
pri:mera,1
fuente,1
perfumeria,1
empezare,1
naturalizar,1
comentaba,1
duchita,1
-e,1
promesas,1
estaba,1
hermosisimo,1
traen,1
hmm:,1
llegue,1
fan,1
presupuesto,1
hialuronico,1
solucion,1
traes,1
rapidos,1
alma,1
punfue-,1
resecas:,1
t-,1
meses,1
polvito,1
pase,1
cam:bian,1
Ewen,1
hice,1
acabarlo,1
potencia,1
entro,1
modo,1
exceso,1
tan:to,1
pliegue,1
carajos,1
equivocado,1
dia?,1
¡augh!,1
Tenia,1
laves,1
fuck!,1
palabras,1
an:tes,1
corto,1
cuestione-,1
de:,1
oliese,1
non-,1
miro,1
conociera,1
vi-,1
buena:,1
sigue,1
particulas,1
particular,1
¿verdad?,1
des,1
nina,1
malo,1
desmaquillante,1
sacas,1
sacar,1
ilumina,1
nino,1
narracion,1
azul,1
pone,1
estudiado,1
componentes,1
botas,1
calma,1
durara,1
eterna,1
quisiera,1
Mexico,1
rojos,1
grande,1
media,1
cumple,1
fresquita:,1
categorizado,1
hechas,1
desde:,1
-pun,1
peinarte,1
abbey,1
loca!//,1
buscas,1
aplicarlo,1
idola,1
usare,1
metida,1
espionaje,1
imperio,1
Potter,1
noventa,1
devore,1
enseno,1
temas:,1
libro-,1
hara,1
libro?,1
libro:,1
E-,1
Mira,1
-asi,1
maravilloso,1
dej-,1
rostro,1
puf,1
mmm,1
pasado,1
imagino,1
ini:cio,1
Yo:,1
defecto,1
ciento,1
Hasta:,1
trozo,1
retiraron,1
habria,1
echarme,1
molesta,1
eches,1
poquitos,1
razon,1
vuesta,1
tomaron,1
Milani,1
park,1
mama,1
asco,1
finalmente,1
Caribe,1
Hunger,1
je:,1
leguas,1
viviendo,1
cogido,1
superpo-,1
pigglish,1
hidrata,1
comp-,1
Kimberly,1
Aja,1
piensa,1
humecta,1
pones,1
ex-,1
en:tre,1
pasar,1
n:o,1
quedan:,1
vimos,1
li-,1
hubiesen,1
gramo,1
iagh:,1
debido,1
Hay,1
Haz,1
usando,1
¿Lo,1
maq-,1
facilmente,1
hablando,1
guapisima,1
paleta,1
resena,1
paranoica,1
condecia,1
granitos,1
reaccione,1
recta,1
vino,1
supermercado,1
pintar,1
parece:,1
errores,1
ofender,1
las-,1
pagar,1
principales,1
spray,1
cataloga,1
se-,1
Incluso,1
criticarle,1
repercursion,1
salgo,1
podian,1
ocurre,1
cierta,1
otomano,1
cinc-,1
Em:,1
pe:sos!,1
cansando,1
ahora:,1
conjunto,1
contada,1
demasiada,1
ando,1
repetir,1
look,1
agarro,1
abierta,1
soporto,1
insoportable,1
fui,1
mismos,1
Northanger,1
deliberadamente,1
coger,1
esten,1
acabo,1
difuminar,1
cautivamente,1
literatura,1
liquido,1
queda:,1
signos,1
haga,1
hago,1
bifasico,1
esteis,1
corrige,1
cunde,1
tomar,1
¡Ay!,1
marca,1
bacana,1
volver,1
habido,1
novedoso,1
continua,1
popular,1
cu-,1
ponerme,1
pasional,1
entretenido,1
b-,1
logicamente,1
publico,1
paginas,1
Chronical,1
calmaba,1
contacto,1
sepais,1
queremos,1
actrices,1
Acabado,1
albaricoque,1
santo,1
secar,1
comunes,1
juvenil,1
trabajito,1
drama,1
trato,1
espinetes,1
Resiste,1
mascarilla,1
ojera:,1
soportar,1
pestana,1
pintado,1
hinchan,1
imagen,1
deberian,1
pierde,1
absolutamente,1
eliminaba,1
tranquilo,1
serie,1
pintita,1
seria,1
pasaje,1
serio,1
poco:,1
extropea,1
Africa,1
limpia,1
um,1
transmite,1
reflejos,1
oprimida,1
Tu,1
actores,1
full-size,1
competencia,1
exfolia,1
cuento,1
irte,1
desmaquilla,1
explicarlo,1
su:per,1
adicional,1
modista,1
divertidas,1
problema,1
manita,1
na-,1
cronica?,1
suave,1
mira-,1
inventados,1
dando,1
Mourad,1
magia,1
notes,1
blogosfera,1
Primer,1
cachetadas,1
sin:,1
originales,1
maduras,1
escritora,1
piensas,1
sigues,1
ponia,1
siguen,1
grandes,1
entrenter,1
interpretacion,1
ojito,1
palabra,1
sobrina,1
use,1
haces,1
dejan,1
resistente,1
pff,1
cosillas,1
traia,1
sedoso,1
deja:,1
¿Por,1
insisto,1
cierra,1
sentimientos,1
sociedad,1
hidratado,1
Estirpe,1
calcetin,1
escribiendo,1
opino,1
tension,1
proteccion,1
querida,1
Decian,1
manchones,1
cua-,1
enterarte,1
meter,1
mirad,1
cuestion,1
habiendo,1
acabara,1
trescientas,1
rojo,1
mitologicas,1
tratamiento,1
alta,1
quitado,1
Bvlgari,1
puente,1
dar,1
trae,1
l-,1
¿Que,1
derivado,1
parezca,1
enrojecimiento,1
dejarse,1
Imposible,1
corroboran,1
meta,1
usabas,1
Podeis,1
respecto,1
tercero,1
tercera,1
princesa,1
compro,1
lectores,1
Maravillas,1
narrado,1
apetece,1
resumen,1
cuidado,1
hidratarme,1
Jesus,1
corrector,1
fatiga,1
eche,1
pincel,1
echo,1
fascinante,1
facil,1
logica,1
tercero//,1
Vale,1
cuand,1
quieras,1
batalla:,1
interesados,1
espejo,1
deciros,1
negro,1
¿que,1
ideoneo,1
carboncillo,1
Otras,1
Bourjois,1
Cundir,1
llevar,1
fantastico,1
imaginativo,1
personaje,1
mil,1
dijeron,1
Nada,1
impecable,1
duele,1
Crepusculo:,1
hecho:,1
pintalabios,1
mi:,1
ducha,1
latinos,1
Canta,1
fue-,1
manera,1
tira,1
tire,1
tiro,1
terminar,1
tapa,1
criticable,1
obviamente,1
podia,1
inmensa,1
sorprender,1
generales,1
tierra,1
compraria,1
haria,1
portada,1
conformando,1
gran,1
glosses,1
embarrarles,1
dejado,1
podriamos,1
existe,1
adolescentes,1
Obviamente,1
riendo,1
imperfeccion,1
exfoliar,1
caja,1
llamado,1
frente,1
¡doscientos,1
ran:cio,1
mariposa,1
ten-,1
identificados,1
utilizan,1
horri:ble,1
Negro,1
neutralizar//,1
estilo:,1
sentirme,1
aplicando,1
Mansfield,1
expectativas,1
sales,1
difuminada,1
coche,1
hubo,1
arreglarme,1
ya:,1
escribio,1
¡El,1
situaciones,1
ve,1
Esas,1
vi,1
desenredado,1
cortos,1
cuando:,1
queratina,1
maquilla,1
mostre,1
parecio,1
parecia,1
echar:,1
v-,1
Hasta,1
raras,1
resultado,1
siguiente,1
Strodinger,1
recopimiendo,1
toallitas,1
buscaba,1
des-,1
complicada,1
toallita,1
quiera,1
resultan,1
fresquisimo,1
dos?,1
polvo:,1
hubieramos,1
imbecil,1
desarrolla,1
poros,1
chica,1
desmadre,1
veracidad,1
osea,1
Las,1
quitarlo,1
brocha,1
imposible,1
enchicharra,1
pueda,1
rojeces//,1
Un,1
usas,1
universo,1
preferiria,1
creen?,1
toma,1
utilizarlas,1
agradable,1
nutritivas,1
diciendo,1
Silicure,1
banco,1
pared:,1
termine,1
Te-,1
explico,1
pa,1
etiquetas,1
Mozarabe,1
muerta,1
puntas,1
Es:te,1
tem-,1
estaria,1
dificulta,1
padri:simo,1
embargo,1
Depende,1
tema,1
toco,1
rizado,1
especiales,1
topless,1
seguramente,1
twist,1
sellar,1
quebra:ba,1
cachondeo,1
sorprendente,1
miento,1
burros,1
anteriores,1
Supuestamente,1
veia,1
abajo,1
grasoso,1
chiquitin,1
chavo,1
conoceis,1
demasiados,1
original,1
distintas,1
